date,days,rate
18/1/2024,10,5.383037
18/1/2024,30,5.38609
18/1/2024,60,5.387245
18/1/2024,91,5.384273
18/1/2024,122,5.377241
18/1/2024,152,5.366736
18/1/2024,182,5.352752
18/1/2024,273,5.290686
18/1/2024,365,5.201423
18/1/2024,547,4.964184
18/1/2024,730,4.674396
19/1/2024,10,5.371092
19/1/2024,30,5.374317
19/1/2024,60,5.375753
19/1/2024,91,5.373098
19/1/2024,122,5.366409
19/1/2024,152,5.356257
19/1/2024,182,5.342646
19/1/2024,273,5.28182
19/1/2024,365,5.193928
19/1/2024,547,4.95955
19/1/2024,730,4.672496
22/1/2024,10,5.364285
22/1/2024,30,5.36731
22/1/2024,60,5.368495
22/1/2024,91,5.365639
22/1/2024,122,5.358805
22/1/2024,152,5.348564
22/1/2024,182,5.334911
22/1/2024,273,5.274223
22/1/2024,365,5.186822
22/1/2024,547,4.954173
22/1/2024,730,4.669402
23/1/2024,10,5.354468
23/1/2024,30,5.357652
23/1/2024,60,5.359092
23/1/2024,91,5.35652
23/1/2024,122,5.349989
23/1/2024,152,5.340057
23/1/2024,182,5.32673
23/1/2024,273,5.267103
23/1/2024,365,5.180858
23/1/2024,547,4.950584
23/1/2024,730,4.668044
24/1/2024,10,5.342716
24/1/2024,30,5.346192
24/1/2024,60,5.348077
24/1/2024,91,5.345973
24/1/2024,122,5.339917
24/1/2024,152,5.330452
24/1/2024,182,5.317595
24/1/2024,273,5.259415
24/1/2024,365,5.174636
24/1/2024,547,4.947142
24/1/2024,730,4.667029
25/1/2024,10,5.338147
25/1/2024,30,5.341428
25/1/2024,60,5.343061
25/1/2024,91,5.340745
25/1/2024,122,5.334523
25/1/2024,152,5.324939
25/1/2024,182,5.312003
25/1/2024,273,5.253803
25/1/2024,365,5.169298
25/1/2024,547,4.942994
25/1/2024,730,4.664569
26/1/2024,10,5.327349
26/1/2024,30,5.330874
26/1/2024,60,5.33288
26/1/2024,91,5.330959
26/1/2024,122,5.325141
26/1/2024,152,5.315955
26/1/2024,182,5.303424
26/1/2024,273,5.246476
26/1/2024,365,5.163253
26/1/2024,547,4.939419
26/1/2024,730,4.663192
29/1/2024,10,5.325091
29/1/2024,30,5.32825
29/1/2024,60,5.329762
29/1/2024,91,5.327393
29/1/2024,122,5.321189
29/1/2024,152,5.311687
29/1/2024,182,5.298891
29/1/2024,273,5.241444
29/1/2024,365,5.158123
29/1/2024,547,4.935033
29/1/2024,730,4.660363
30/1/2024,10,5.32382
30/1/2024,30,5.326596
30/1/2024,60,5.327582
30/1/2024,91,5.324732
30/1/2024,122,5.318107
30/1/2024,152,5.308252
30/1/2024,182,5.295157
30/1/2024,273,5.237093
30/1/2024,365,5.153549
30/1/2024,547,4.930951
30/1/2024,730,4.657598
31/1/2024,10,5.314816
31/1/2024,30,5.317793
31/1/2024,60,5.319087
31/1/2024,91,5.316561
31/1/2024,122,5.310263
31/1/2024,152,5.300729
31/1/2024,182,5.287956
31/1/2024,273,5.230877
31/1/2024,365,5.14832
31/1/2024,547,4.927558
31/1/2024,730,4.655744
1/2/2024,10,5.312198
1/2/2024,30,5.314857
1/2/2024,60,5.315711
1/2/2024,91,5.312775
1/2/2024,122,5.306114
1/2/2024,152,5.296268
1/2/2024,182,5.283223
1/2/2024,273,5.225535
1/2/2024,365,5.142659
1/2/2024,547,4.921949
1/2/2024,730,4.650777
2/2/2024,10,5.306637
2/2/2024,30,5.309319
2/2/2024,60,5.310218
2/2/2024,91,5.307344
2/2/2024,122,5.300758
2/2/2024,152,5.290997
2/2/2024,182,5.278047
2/2/2024,273,5.220708
2/2/2024,365,5.138254
2/2/2024,547,4.918477
2/2/2024,730,4.648209
5/2/2024,10,5.303884
5/2/2024,30,5.306557
5/2/2024,60,5.307462
5/2/2024,91,5.304614
5/2/2024,122,5.298074
5/2/2024,152,5.288375
5/2/2024,182,5.275503
5/2/2024,273,5.218486
5/2/2024,365,5.136467
5/2/2024,547,4.917757
5/2/2024,730,4.648634
6/2/2024,10,5.300033
6/2/2024,30,5.302966
6/2/2024,60,5.304255
6/2/2024,91,5.301796
6/2/2024,122,5.295637
6/2/2024,152,5.286299
6/2/2024,182,5.27378
6/2/2024,273,5.217783
6/2/2024,365,5.136706
6/2/2024,547,4.919562
6/2/2024,730,4.651546
7/2/2024,10,5.295543
7/2/2024,30,5.298876
7/2/2024,60,5.300748
7/2/2024,91,5.29887
7/2/2024,122,5.293271
7/2/2024,152,5.284454
7/2/2024,182,5.272436
7/2/2024,273,5.217836
7/2/2024,365,5.137984
7/2/2024,547,4.92271
7/2/2024,730,4.655844
8/2/2024,10,5.289924
8/2/2024,30,5.293826
8/2/2024,60,5.296524
8/2/2024,91,5.295465
8/2/2024,122,5.29065
8/2/2024,152,5.282559
8/2/2024,182,5.271236
8/2/2024,273,5.218549
8/2/2024,365,5.140348
8/2/2024,547,4.927534
8/2/2024,730,4.662125
9/2/2024,10,5.28261
9/2/2024,30,5.287259
9/2/2024,60,5.291037
9/2/2024,91,5.291044
9/2/2024,122,5.287245
9/2/2024,152,5.28009
9/2/2024,182,5.269657
9/2/2024,273,5.219403
9/2/2024,365,5.143265
9/2/2024,547,4.93344
9/2/2024,730,4.669715
12/2/2024,10,5.280726
12/2/2024,30,5.285627
12/2/2024,60,5.289776
12/2/2024,91,5.290162
12/2/2024,122,5.286736
12/2/2024,152,5.279936
12/2/2024,182,5.269852
12/2/2024,273,5.220615
12/2/2024,365,5.145436
12/2/2024,547,4.937268
12/2/2024,730,4.674834
13/2/2024,10,5.283612
13/2/2024,30,5.288602
13/2/2024,60,5.292897
13/2/2024,91,5.293447
13/2/2024,122,5.290197
13/2/2024,152,5.283579
13/2/2024,182,5.273687
13/2/2024,273,5.225088
13/2/2024,365,5.150618
13/2/2024,547,4.943957
13/2/2024,730,4.683019
14/2/2024,10,5.286099
14/2/2024,30,5.291412
14/2/2024,60,5.296185
14/2/2024,91,5.297221
14/2/2024,122,5.294447
14/2/2024,152,5.288281
14/2/2024,182,5.278831
14/2/2024,273,5.231514
14/2/2024,365,5.158242
14/2/2024,547,4.953632
14/2/2024,730,4.694274
15/2/2024,10,5.288083
15/2/2024,30,5.293832
15/2/2024,60,5.299243
15/2/2024,91,5.300916
15/2/2024,122,5.298757
15/2/2024,152,5.293166
15/2/2024,182,5.284271
15/2/2024,273,5.238512
15/2/2024,365,5.166629
15/2/2024,547,4.964218
15/2/2024,730,4.706357
16/2/2024,10,5.279288
16/2/2024,30,5.286305
16/2/2024,60,5.29354
16/2/2024,91,5.297002
16/2/2024,122,5.296538
16/2/2024,152,5.292498
16/2/2024,182,5.28507
16/2/2024,273,5.243259
16/2/2024,365,5.174645
16/2/2024,547,4.976773
16/2/2024,730,4.721246
20/2/2024,10,5.276436
20/2/2024,30,5.284282
20/2/2024,60,5.292712
20/2/2024,91,5.29735
20/2/2024,122,5.298003
20/2/2024,152,5.294988
20/2/2024,182,5.288532
20/2/2024,273,5.249356
20/2/2024,365,5.182949
20/2/2024,547,4.988211
20/2/2024,730,4.734392
21/2/2024,10,5.280115
21/2/2024,30,5.288276
21/2/2024,60,5.297169
21/2/2024,91,5.302272
21/2/2024,122,5.303377
21/2/2024,152,5.300787
21/2/2024,182,5.294742
21/2/2024,273,5.256738
21/2/2024,365,5.191395
21/2/2024,547,4.99841
21/2/2024,730,4.745872
22/2/2024,10,5.281748
22/2/2024,30,5.290337
22/2/2024,60,5.299856
22/2/2024,91,5.305585
22/2/2024,122,5.307296
22/2/2024,152,5.305272
22/2/2024,182,5.299776
22/2/2024,273,5.263317
22/2/2024,365,5.199363
22/2/2024,547,5.008619
22/2/2024,730,4.757679
23/2/2024,10,5.281317
23/2/2024,30,5.290586
23/2/2024,60,5.301088
23/2/2024,91,5.307785
23/2/2024,122,5.310417
23/2/2024,152,5.309242
23/2/2024,182,5.304552
23/2/2024,273,5.270289
23/2/2024,365,5.208192
23/2/2024,547,5.02013
23/2/2024,730,4.770705
26/2/2024,10,5.277088
26/2/2024,30,5.287364
26/2/2024,60,5.299312
26/2/2024,91,5.307424
26/2/2024,122,5.311393
26/2/2024,152,5.311439
26/2/2024,182,5.307899
26/2/2024,273,5.276714
26/2/2024,365,5.217132
26/2/2024,547,5.032461
26/2/2024,730,4.784627
27/2/2024,10,5.273954
27/2/2024,30,5.28517
27/2/2024,60,5.298468
27/2/2024,91,5.307904
27/2/2024,122,5.313122
27/2/2024,152,5.31431
27/2/2024,182,5.311846
27/2/2024,273,5.283541
27/2/2024,365,5.226316
27/2/2024,547,5.04483
27/2/2024,730,4.798497
28/2/2024,10,5.273777
28/2/2024,30,5.285701
28/2/2024,60,5.300017
28/2/2024,91,5.31045
28/2/2024,122,5.316612
28/2/2024,152,5.318662
28/2/2024,182,5.317012
28/2/2024,273,5.290889
28/2/2024,365,5.235454
28/2/2024,547,5.056395
28/2/2024,730,4.811205
29/2/2024,10,5.280537
29/2/2024,30,5.292512
29/2/2024,60,5.306914
29/2/2024,91,5.317443
29/2/2024,122,5.32371
29/2/2024,152,5.325869
29/2/2024,182,5.324335
29/2/2024,273,5.2986
29/2/2024,365,5.243601
29/2/2024,547,5.065474
29/2/2024,730,4.821213
1/3/2024,10,5.282881
1/3/2024,30,5.295284
1/3/2024,60,5.310301
1/3/2024,91,5.321437
1/3/2024,122,5.32828
1/3/2024,152,5.330968
1/3/2024,182,5.329935
1/3/2024,273,5.305557
1/3/2024,365,5.251691
1/3/2024,547,5.075153
1/3/2024,730,4.831707
4/3/2024,10,5.286123
4/3/2024,30,5.29879
4/3/2024,60,5.314192
4/3/2024,91,5.325711
4/3/2024,122,5.332921
4/3/2024,152,5.335951
4/3/2024,182,5.335246
4/3/2024,273,5.31178
4/3/2024,365,5.258711
4/3/2024,547,5.083388
4/3/2024,730,4.840698
5/3/2024,10,5.285939
5/3/2024,30,5.29922
5/3/2024,60,5.315502
5/3/2024,91,5.327878
5/3/2024,122,5.335896
5/3/2024,152,5.339659
5/3/2024,182,5.339643
5/3/2024,273,5.317994
5/3/2024,365,5.266375
5/3/2024,547,5.092885
5/3/2024,730,4.850848
6/3/2024,10,5.286984
6/3/2024,30,5.300667
6/3/2024,60,5.317524
6/3/2024,91,5.330461
6/3/2024,122,5.339005
6/3/2024,152,5.343246
6/3/2024,182,5.343677
6/3/2024,273,5.323208
6/3/2024,365,5.272521
6/3/2024,547,5.100181
6/3/2024,730,4.85849
7/3/2024,10,5.291955
7/3/2024,30,5.305725
7/3/2024,60,5.322707
7/3/2024,91,5.335765
7/3/2024,122,5.344422
7/3/2024,152,5.348766
7/3/2024,182,5.349292
7/3/2024,273,5.329065
7/3/2024,365,5.278555
7/3/2024,547,5.106366
7/3/2024,730,4.864561
8/3/2024,10,5.290789
8/3/2024,30,5.304977
8/3/2024,60,5.322554
8/3/2024,91,5.336191
8/3/2024,122,5.34539
8/3/2024,152,5.350223
8/3/2024,182,5.351206
8/3/2024,273,5.33217
8/3/2024,365,5.282584
8/3/2024,547,5.111474
8/3/2024,730,4.869892
11/3/2024,10,5.29072
11/3/2024,30,5.305253
11/3/2024,60,5.323323
11/3/2024,91,5.337437
11/3/2024,122,5.347082
11/3/2024,152,5.352317
11/3/2024,182,5.353673
11/3/2024,273,5.335602
11/3/2024,365,5.286749
11/3/2024,547,5.116446
11/3/2024,730,4.874934
12/3/2024,10,5.291184
12/3/2024,30,5.306006
12/3/2024,60,5.324489
12/3/2024,91,5.339004
12/3/2024,122,5.349023
12/3/2024,152,5.354597
12/3/2024,182,5.356268
12/3/2024,273,5.339019
12/3/2024,365,5.2908
12/3/2024,547,5.121225
12/3/2024,730,4.879836
13/3/2024,10,5.290902
13/3/2024,30,5.306149
13/3/2024,60,5.325236
13/3/2024,91,5.340334
13/3/2024,122,5.350897
13/3/2024,152,5.356959
13/3/2024,182,5.359083
13/3/2024,273,5.342997
13/3/2024,365,5.295654
13/3/2024,547,5.12703
13/3/2024,730,4.885728
14/3/2024,10,5.295813
14/3/2024,30,5.31113
14/3/2024,60,5.330319
14/3/2024,91,5.345517
14/3/2024,122,5.356176
14/3/2024,152,5.362328
14/3/2024,182,5.364537
14/3/2024,273,5.348686
14/3/2024,365,5.301545
14/3/2024,547,5.133212
14/3/2024,730,4.892058
15/3/2024,10,5.291272
15/3/2024,30,5.307315
15/3/2024,60,5.327548
15/3/2024,91,5.343772
15/3/2024,122,5.355401
15/3/2024,152,5.362441
15/3/2024,182,5.36549
15/3/2024,273,5.3519
15/3/2024,365,5.306635
15/3/2024,547,5.140934
15/3/2024,730,4.901204
18/3/2024,10,5.286018
18/3/2024,30,5.302866
18/3/2024,60,5.324258
18/3/2024,91,5.341616
18/3/2024,122,5.354319
18/3/2024,152,5.362341
18/3/2024,182,5.366317
18/3/2024,273,5.355222
18/3/2024,365,5.312021
18/3/2024,547,5.149201
18/3/2024,730,4.911021
19/3/2024,10,5.285614
19/3/2024,30,5.302911
19/3/2024,60,5.324951
19/3/2024,91,5.342946
19/3/2024,122,5.356255
19/3/2024,152,5.364834
19/3/2024,182,5.369339
19/3/2024,273,5.359682
19/3/2024,365,5.317696
19/3/2024,547,5.156654
19/3/2024,730,4.91955
20/3/2024,10,5.286737
20/3/2024,30,5.304368
20/3/2024,60,5.326888
20/3/2024,91,5.345356
20/3/2024,122,5.359113
20/3/2024,152,5.368102
20/3/2024,182,5.372997
20/3/2024,273,5.364393
20/3/2024,365,5.32329
20/3/2024,547,5.163516
20/3/2024,730,4.927149
21/3/2024,10,5.288156
21/3/2024,30,5.306025
21/3/2024,60,5.32889
21/3/2024,91,5.347698
21/3/2024,122,5.36178
21/3/2024,152,5.371069
21/3/2024,182,5.376249
21/3/2024,273,5.368431
21/3/2024,365,5.328006
21/3/2024,547,5.169264
21/3/2024,730,4.933588
22/3/2024,10,5.284048
22/3/2024,30,5.302542
22/3/2024,60,5.326299
22/3/2024,91,5.345977
22/3/2024,122,5.360874
22/3/2024,152,5.370904
22/3/2024,182,5.376777
22/3/2024,273,5.370784
22/3/2024,365,5.331813
22/3/2024,547,5.174934
22/3/2024,730,4.940022
25/3/2024,10,5.279915
25/3/2024,30,5.298957
25/3/2024,60,5.323501
25/3/2024,91,5.343944
25/3/2024,122,5.35956
25/3/2024,152,5.370243
25/3/2024,182,5.376729
25/3/2024,273,5.372358
25/3/2024,365,5.334688
25/3/2024,547,5.179505
25/3/2024,730,4.945336
26/3/2024,10,5.274802
26/3/2024,30,5.294441
26/3/2024,60,5.319839
26/3/2024,91,5.341116
26/3/2024,122,5.357517
26/3/2024,152,5.368915
26/3/2024,182,5.376071
26/3/2024,273,5.373481
26/3/2024,365,5.337249
26/3/2024,547,5.183967
26/3/2024,730,4.950664
27/3/2024,10,5.272092
27/3/2024,30,5.292184
27/3/2024,60,5.318232
27/3/2024,91,5.340143
27/3/2024,122,5.357143
27/3/2024,152,5.369084
27/3/2024,182,5.376753
27/3/2024,273,5.375523
27/3/2024,365,5.340387
27/3/2024,547,5.188543
27/3/2024,730,4.955849
28/3/2024,10,5.26545
28/3/2024,30,5.286297
28/3/2024,60,5.313425
28/3/2024,91,5.336387
28/3/2024,122,5.354372
28/3/2024,152,5.367207
28/3/2024,182,5.37571
28/3/2024,273,5.376676
28/3/2024,365,5.343276
28/3/2024,547,5.193605
28/3/2024,730,4.961695
1/4/2024,10,5.25951
1/4/2024,30,5.28111
1/4/2024,60,5.309315
1/4/2024,91,5.333329
1/4/2024,122,5.352305
1/4/2024,152,5.366042
1/4/2024,182,5.375393
1/4/2024,273,5.378609
1/4/2024,365,5.347029
1/4/2024,547,5.199761
1/4/2024,730,4.968927
2/4/2024,10,5.256203
2/4/2024,30,5.278385
2/4/2024,60,5.307429
2/4/2024,91,5.332263
2/4/2024,122,5.352014
2/4/2024,152,5.36646
2/4/2024,182,5.376481
2/4/2024,273,5.381495
2/4/2024,365,5.351397
2/4/2024,547,5.206181
2/4/2024,730,4.976418
3/4/2024,10,5.254464
3/4/2024,30,5.2772
3/4/2024,60,5.307035
3/4/2024,91,5.332643
3/4/2024,122,5.353123
3/4/2024,152,5.368232
3/4/2024,182,5.378876
3/4/2024,273,5.385546
3/4/2024,365,5.356788
3/4/2024,547,5.213351
3/4/2024,730,4.984411
4/4/2024,10,5.252501
4/4/2024,30,5.27568
4/4/2024,60,5.306154
4/4/2024,91,5.332387
4/4/2024,122,5.353459
4/4/2024,152,5.36911
4/4/2024,182,5.380265
4/4/2024,273,5.388313
4/4/2024,365,5.360696
4/4/2024,547,5.218861
4/4/2024,730,4.990794
5/4/2024,10,5.244453
5/4/2024,30,5.268584
5/4/2024,60,5.300422
5/4/2024,91,5.327984
5/4/2024,122,5.350307
5/4/2024,152,5.367095
5/4/2024,182,5.379317
5/4/2024,273,5.390194
5/4/2024,365,5.364858
5/4/2024,547,5.226033
5/4/2024,730,4.999353
8/4/2024,10,5.243012
8/4/2024,30,5.267547
8/4/2024,60,5.299974
8/4/2024,91,5.328125
8/4/2024,122,5.351015
8/4/2024,152,5.368333
8/4/2024,182,5.381067
8/4/2024,273,5.393386
8/4/2024,365,5.369345
8/4/2024,547,5.232639
8/4/2024,730,5.007554
9/4/2024,10,5.25026
9/4/2024,30,5.274438
9/4/2024,60,5.306371
9/4/2024,91,5.334064
9/4/2024,122,5.356549
9/4/2024,152,5.373522
9/4/2024,182,5.385956
9/4/2024,273,5.397625
9/4/2024,365,5.373292
9/4/2024,547,5.236909
9/4/2024,730,5.013059
10/4/2024,10,5.259096
10/4/2024,30,5.283018
10/4/2024,60,5.314607
10/4/2024,91,5.341993
10/4/2024,122,5.364217
10/4/2024,152,5.380981
10/4/2024,182,5.393248
10/4/2024,273,5.404645
10/4/2024,365,5.380363
10/4/2024,547,5.244876
10/4/2024,730,5.022704
11/4/2024,10,5.253695
11/4/2024,30,5.278807
11/4/2024,60,5.312111
11/4/2024,91,5.341179
11/4/2024,122,5.364996
11/4/2024,152,5.38322
11/4/2024,182,5.396868
11/4/2024,273,5.41199
11/4/2024,365,5.39081
11/4/2024,547,5.259711
11/4/2024,730,5.039982
12/4/2024,10,5.248052
12/4/2024,30,5.274338
12/4/2024,60,5.30933
12/4/2024,91,5.340054
12/4/2024,122,5.365439
12/4/2024,152,5.3851
12/4/2024,182,5.400106
12/4/2024,273,5.418891
12/4/2024,365,5.40076
12/4/2024,547,5.273983
12/4/2024,730,5.056688
15/4/2024,10,5.237437
15/4/2024,30,5.265397
15/4/2024,60,5.302789
15/4/2024,91,5.335857
15/4/2024,122,5.363453
15/4/2024,152,5.385127
15/4/2024,182,5.402027
15/4/2024,273,5.425859
15/4/2024,365,5.411834
15/4/2024,547,5.29059
15/4/2024,730,5.075992
16/4/2024,10,5.223163
16/4/2024,30,5.253129
16/4/2024,60,5.293397
16/4/2024,91,5.329273
16/4/2024,122,5.359513
16/4/2024,152,5.383594
16/4/2024,182,5.402757
16/4/2024,273,5.432605
16/4/2024,365,5.423455
16/4/2024,547,5.308716
16/4/2024,730,5.097194
17/4/2024,10,5.219329
17/4/2024,30,5.25033
17/4/2024,60,5.292092
17/4/2024,91,5.329438
17/4/2024,122,5.361076
17/4/2024,152,5.386444
17/4/2024,182,5.406828
17/4/2024,273,5.440005
17/4/2024,365,5.433677
17/4/2024,547,5.323093
17/4/2024,730,5.114131
18/4/2024,10,5.214405
18/4/2024,30,5.246587
18/4/2024,60,5.290049
18/4/2024,91,5.329065
18/4/2024,122,5.362285
18/4/2024,152,5.389103
18/4/2024,182,5.41086
18/4/2024,273,5.447745
18/4/2024,365,5.444516
18/4/2024,547,5.338356
18/4/2024,730,5.131935
19/4/2024,10,5.208191
19/4/2024,30,5.241612
19/4/2024,60,5.286857
19/4/2024,91,5.327621
19/4/2024,122,5.362497
19/4/2024,152,5.390832
19/4/2024,182,5.414023
19/4/2024,273,5.454779
19/4/2024,365,5.454773
19/4/2024,547,5.353187
19/4/2024,730,5.14935
22/4/2024,10,5.200135
22/4/2024,30,5.234809
22/4/2024,60,5.281856
22/4/2024,91,5.324388
22/4/2024,122,5.360939
22/4/2024,152,5.390807
22/4/2024,182,5.415449
22/4/2024,273,5.460117
22/4/2024,365,5.463369
22/4/2024,547,5.366411
22/4/2024,730,5.165197
23/4/2024,10,5.188457
23/4/2024,30,5.224774
23/4/2024,60,5.274175
23/4/2024,91,5.319004
23/4/2024,122,5.357716
23/4/2024,152,5.389552
23/4/2024,182,5.416041
23/4/2024,273,5.465616
23/4/2024,365,5.472835
23/4/2024,547,5.381151
23/4/2024,730,5.182413
24/4/2024,10,5.181753
24/4/2024,30,5.219318
24/4/2024,60,5.270509
24/4/2024,91,5.317086
24/4/2024,122,5.357447
24/4/2024,152,5.390786
24/4/2024,182,5.41869
24/4/2024,273,5.47204
24/4/2024,365,5.48234
24/4/2024,547,5.39484
24/4/2024,730,5.198209
25/4/2024,10,5.197759
25/4/2024,30,5.234565
25/4/2024,60,5.284694
25/4/2024,91,5.330268
25/4/2024,122,5.369718
25/4/2024,152,5.402261
25/4/2024,182,5.429451
25/4/2024,273,5.481106
25/4/2024,365,5.490356
25/4/2024,547,5.402455
25/4/2024,730,5.207177
26/4/2024,10,5.205309
26/4/2024,30,5.242155
26/4/2024,60,5.292358
26/4/2024,91,5.338026
26/4/2024,122,5.377586
26/4/2024,152,5.41025
26/4/2024,182,5.437575
26/4/2024,273,5.489718
26/4/2024,365,5.499571
26/4/2024,547,5.413111
26/4/2024,730,5.219498
29/4/2024,10,5.214556
29/4/2024,30,5.251321
29/4/2024,60,5.301425
29/4/2024,91,5.347015
29/4/2024,122,5.386523
29/4/2024,152,5.41916
29/4/2024,182,5.44648
29/4/2024,273,5.498736
29/4/2024,365,5.508876
29/4/2024,547,5.423406
29/4/2024,730,5.231196
30/4/2024,10,5.213626
30/4/2024,30,5.25133
30/4/2024,60,5.302783
30/4/2024,91,5.349692
30/4/2024,122,5.390446
30/4/2024,152,5.424219
30/4/2024,182,5.45261
30/4/2024,273,5.507732
30/4/2024,365,5.520224
30/4/2024,547,5.437989
30/4/2024,730,5.247466
1/5/2024,10,5.213367
1/5/2024,30,5.251869
1/5/2024,60,5.304468
1/5/2024,91,5.352501
1/5/2024,122,5.394318
1/5/2024,152,5.429063
1/5/2024,182,5.458371
1/5/2024,273,5.51596
1/5/2024,365,5.530495
1/5/2024,547,5.451127
1/5/2024,730,5.262191
2/5/2024,10,5.220039
2/5/2024,30,5.258571
2/5/2024,60,5.31122
2/5/2024,91,5.359315
2/5/2024,122,5.401202
2/5/2024,152,5.436025
2/5/2024,182,5.465419
2/5/2024,273,5.523312
2/5/2024,365,5.538216
2/5/2024,547,5.459726
2/5/2024,730,5.271804
3/5/2024,10,5.218643
3/5/2024,30,5.257727
3/5/2024,60,5.311167
3/5/2024,91,5.360033
3/5/2024,122,5.402646
3/5/2024,152,5.438129
3/5/2024,182,5.468143
3/5/2024,273,5.527681
3/5/2024,365,5.543914
3/5/2024,547,5.467195
3/5/2024,730,5.280121
6/5/2024,10,5.218005
6/5/2024,30,5.257533
6/5/2024,60,5.311608
6/5/2024,91,5.361088
6/5/2024,122,5.404275
6/5/2024,152,5.440275
6/5/2024,182,5.470771
6/5/2024,273,5.531566
6/5/2024,365,5.548777
6/5/2024,547,5.473249
6/5/2024,730,5.286577
7/5/2024,10,5.226364
7/5/2024,30,5.265473
7/5/2024,60,5.31895
7/5/2024,91,5.367852
7/5/2024,122,5.410499
7/5/2024,152,5.446014
7/5/2024,182,5.476058
7/5/2024,273,5.535683
7/5/2024,365,5.551998
7/5/2024,547,5.475434
7/5/2024,730,5.288533
8/5/2024,10,5.239841
8/5/2024,30,5.278056
8/5/2024,60,5.330259
8/5/2024,91,5.377927
8/5/2024,122,5.419423
8/5/2024,152,5.4539
8/5/2024,182,5.482979
8/5/2024,273,5.540099
8/5/2024,365,5.554484
8/5/2024,547,5.475656
8/5/2024,730,5.288172
9/5/2024,10,5.258909
9/5/2024,30,5.295649
9/5/2024,60,5.345752
9/5/2024,91,5.391389
9/5/2024,122,5.43099
9/5/2024,152,5.46376
9/5/2024,182,5.491252
9/5/2024,273,5.544265
9/5/2024,365,5.555498
9/5/2024,547,5.473009
9/5/2024,730,5.284641
10/5/2024,10,5.279292
10/5/2024,30,5.314303
10/5/2024,60,5.361948
10/5/2024,91,5.405212
10/5/2024,122,5.442606
10/5/2024,152,5.473392
10/5/2024,182,5.499048
10/5/2024,273,5.54734
10/5/2024,365,5.555005
10/5/2024,547,5.468551
10/5/2024,730,5.279533
13/5/2024,10,5.291845
13/5/2024,30,5.325862
13/5/2024,60,5.372093
13/5/2024,91,5.413992
13/5/2024,122,5.450115
13/5/2024,152,5.479758
13/5/2024,182,5.504354
13/5/2024,273,5.549916
13/5/2024,365,5.555512
13/5/2024,547,5.466735
13/5/2024,730,5.277304
14/5/2024,10,5.299482
14/5/2024,30,5.332992
14/5/2024,60,5.3785
14/5/2024,91,5.419695
14/5/2024,122,5.455157
14/5/2024,152,5.484202
14/5/2024,182,5.508239
14/5/2024,273,5.552331
14/5/2024,365,5.556766
14/5/2024,547,5.46654
14/5/2024,730,5.276593
15/5/2024,10,5.304088
15/5/2024,30,5.337317
15/5/2024,60,5.382415
15/5/2024,91,5.423204
15/5/2024,122,5.458278
15/5/2024,152,5.486963
15/5/2024,182,5.510655
15/5/2024,273,5.553794
15/5/2024,365,5.557399
15/5/2024,547,5.465902
15/5/2024,730,5.275125
16/5/2024,10,5.296526
16/5/2024,30,5.330634
16/5/2024,60,5.376971
16/5/2024,91,5.418941
16/5/2024,122,5.455099
16/5/2024,152,5.484742
16/5/2024,182,5.509308
16/5/2024,273,5.554601
16/5/2024,365,5.559689
16/5/2024,547,5.469381
16/5/2024,730,5.277987
17/5/2024,10,5.286394
17/5/2024,30,5.321546
17/5/2024,60,5.369359
17/5/2024,91,5.412741
17/5/2024,122,5.450201
17/5/2024,152,5.481003
17/5/2024,182,5.506629
17/5/2024,273,5.554579
17/5/2024,365,5.56156
17/5/2024,547,5.472999
17/5/2024,730,5.281265
20/5/2024,10,5.276075
20/5/2024,30,5.312375
20/5/2024,60,5.361809
20/5/2024,91,5.406744
20/5/2024,122,5.445633
20/5/2024,152,5.477706
20/5/2024,182,5.504496
20/5/2024,273,5.555354
20/5/2024,365,5.564402
20/5/2024,547,5.477724
20/5/2024,730,5.285574
21/5/2024,10,5.276303
21/5/2024,30,5.312798
21/5/2024,60,5.3625
21/5/2024,91,5.407679
21/5/2024,122,5.446783
21/5/2024,152,5.479035
21/5/2024,182,5.505977
21/5/2024,273,5.557143
21/5/2024,365,5.56629
21/5/2024,547,5.479294
21/5/2024,730,5.286328
22/5/2024,10,5.280467
22/5/2024,30,5.316832
22/5/2024,60,5.366338
22/5/2024,91,5.411316
22/5/2024,122,5.450221
22/5/2024,152,5.482281
22/5/2024,182,5.509034
22/5/2024,273,5.559637
22/5/2024,365,5.568237
22/5/2024,547,5.48024
22/5/2024,730,5.286404
23/5/2024,10,5.29667
23/5/2024,30,5.331775
23/5/2024,60,5.379488
23/5/2024,91,5.422732
23/5/2024,122,5.460018
23/5/2024,152,5.490619
23/5/2024,182,5.516016
23/5/2024,273,5.563106
23/5/2024,365,5.569005
23/5/2024,547,5.47785
23/5/2024,730,5.283206
24/5/2024,10,5.311658
24/5/2024,30,5.345526
24/5/2024,60,5.391481
24/5/2024,91,5.43303
24/5/2024,122,5.468739
24/5/2024,152,5.497926
24/5/2024,182,5.522013
24/5/2024,273,5.565743
24/5/2024,365,5.569112
24/5/2024,547,5.475168
24/5/2024,730,5.2801
28/5/2024,10,5.325098
28/5/2024,30,5.35807
28/5/2024,60,5.402751
28/5/2024,91,5.443068
28/5/2024,122,5.477629
28/5/2024,152,5.505784
28/5/2024,182,5.528913
28/5/2024,273,5.57017
28/5/2024,365,5.571654
28/5/2024,547,5.47556
28/5/2024,730,5.280035
29/5/2024,10,5.331173
29/5/2024,30,5.364047
29/5/2024,60,5.408587
29/5/2024,91,5.448765
29/5/2024,122,5.483196
29/5/2024,152,5.511231
29/5/2024,182,5.534248
29/5/2024,273,5.575206
29/5/2024,365,5.576448
29/5/2024,547,5.480036
29/5/2024,730,5.284386
30/5/2024,10,5.339084
30/5/2024,30,5.371666
30/5/2024,60,5.415791
30/5/2024,91,5.455567
30/5/2024,122,5.489623
30/5/2024,152,5.51732
30/5/2024,182,5.540022
30/5/2024,273,5.580165
30/5/2024,365,5.580782
30/5/2024,547,5.483651
30/5/2024,730,5.287853
31/5/2024,10,5.356605
31/5/2024,30,5.387852
31/5/2024,60,5.430079
31/5/2024,91,5.468025
31/5/2024,122,5.50038
31/5/2024,152,5.526551
31/5/2024,182,5.547841
31/5/2024,273,5.584364
31/5/2024,365,5.582262
31/5/2024,547,5.482161
31/5/2024,730,5.285966
3/6/2024,10,5.376423
3/6/2024,30,5.406108
3/6/2024,60,5.446113
3/6/2024,91,5.481911
3/6/2024,122,5.512263
3/6/2024,152,5.536631
3/6/2024,182,5.556247
3/6/2024,273,5.588442
3/6/2024,365,5.583029
3/6/2024,547,5.47911
3/6/2024,730,5.282031
4/6/2024,10,5.39386
4/6/2024,30,5.422163
4/6/2024,60,5.460195
4/6/2024,91,5.494076
4/6/2024,122,5.522635
4/6/2024,152,5.545379
4/6/2024,182,5.563479
4/6/2024,273,5.591707
4/6/2024,365,5.583178
4/6/2024,547,5.475409
4/6/2024,730,5.276986
5/6/2024,10,5.406893
5/6/2024,30,5.434178
5/6/2024,60,5.470748
5/6/2024,91,5.5032
5/6/2024,122,5.530411
5/6/2024,152,5.551926
5/6/2024,182,5.56887
5/6/2024,273,5.59401
5/6/2024,365,5.582964
5/6/2024,547,5.471792
5/6/2024,730,5.271709
6/6/2024,10,5.41267
6/6/2024,30,5.439613
6/6/2024,60,5.475679
6/6/2024,91,5.507622
6/6/2024,122,5.534334
6/6/2024,152,5.555377
6/6/2024,182,5.57186
6/6/2024,273,5.595668
6/6/2024,365,5.583376
6/6/2024,547,5.470043
6/6/2024,730,5.268199
7/6/2024,10,5.405609
7/6/2024,30,5.433573
7/6/2024,60,5.47107
7/6/2024,91,5.50437
7/6/2024,122,5.53232
7/6/2024,152,5.55445
7/6/2024,182,5.571914
7/6/2024,273,5.598091
7/6/2024,365,5.587341
7/6/2024,547,5.47493
7/6/2024,730,5.271824
10/6/2024,10,5.39852
10/6/2024,30,5.427589
10/6/2024,60,5.46664
10/6/2024,91,5.501418
10/6/2024,122,5.530719
10/6/2024,152,5.554041
10/6/2024,182,5.572586
10/6/2024,273,5.601403
10/6/2024,365,5.592424
10/6/2024,547,5.481271
10/6/2024,730,5.277108
11/6/2024,10,5.397217
11/6/2024,30,5.426852
11/6/2024,60,5.466691
11/6/2024,91,5.502207
11/6/2024,122,5.532174
11/6/2024,152,5.556071
11/6/2024,182,5.575128
11/6/2024,273,5.605124
11/6/2024,365,5.59682
11/6/2024,547,5.485722
11/6/2024,730,5.280325
12/6/2024,10,5.397439
12/6/2024,30,5.427421
12/6/2024,60,5.467734
12/6/2024,91,5.503685
12/6/2024,122,5.534031
12/6/2024,152,5.558246
12/6/2024,182,5.577573
12/6/2024,273,5.608116
12/6/2024,365,5.599988
12/6/2024,547,5.48832
12/6/2024,730,5.281458
13/6/2024,10,5.405575
13/6/2024,30,5.435095
13/6/2024,60,5.474731
13/6/2024,91,5.510001
13/6/2024,122,5.539684
13/6/2024,152,5.563274
13/6/2024,182,5.581992
13/6/2024,273,5.610791
13/6/2024,365,5.601054
13/6/2024,547,5.486653
13/6/2024,730,5.277632
14/6/2024,10,5.417334
14/6/2024,30,5.4459
14/6/2024,60,5.484157
14/6/2024,91,5.518067
14/6/2024,122,5.546454
14/6/2024,152,5.56885
14/6/2024,182,5.586433
14/6/2024,273,5.612128
14/6/2024,365,5.599746
14/6/2024,547,5.481423
14/6/2024,730,5.269971
17/6/2024,10,5.424465
17/6/2024,30,5.452498
17/6/2024,60,5.489973
17/6/2024,91,5.5231
17/6/2024,122,5.550728
17/6/2024,152,5.572413
17/6/2024,182,5.589306
17/6/2024,273,5.613043
17/6/2024,365,5.598881
17/6/2024,547,5.477605
17/6/2024,730,5.2639
18/6/2024,10,5.446189
18/6/2024,30,5.472122
18/6/2024,60,5.506597
18/6/2024,91,5.536804
18/6/2024,122,5.561694
18/6/2024,152,5.580894
18/6/2024,182,5.595464
18/6/2024,273,5.613083
18/6/2024,365,5.594061
18/6/2024,547,5.466601
18/6/2024,730,5.250437
20/6/2024,10,5.448153
20/6/2024,30,5.473835
20/6/2024,60,5.507927
20/6/2024,91,5.537731
20/6/2024,122,5.562209
20/6/2024,152,5.581007
20/6/2024,182,5.595167
20/6/2024,273,5.611522
20/6/2024,365,5.591203
20/6/2024,547,5.461202
20/6/2024,730,5.242664
21/6/2024,10,5.425589
21/6/2024,30,5.453296
21/6/2024,60,5.490229
21/6/2024,91,5.522728
21/6/2024,122,5.549665
21/6/2024,152,5.570623
21/6/2024,182,5.586737
21/6/2024,273,5.607824
21/6/2024,365,5.590618
21/6/2024,547,5.462628
21/6/2024,730,5.241891
24/6/2024,10,5.40914
24/6/2024,30,5.438146
24/6/2024,60,5.476894
24/6/2024,91,5.511105
24/6/2024,122,5.539594
24/6/2024,152,5.561906
24/6/2024,182,5.579235
24/6/2024,273,5.6032
24/6/2024,365,5.587783
24/6/2024,547,5.460568
24/6/2024,730,5.237851
25/6/2024,10,5.412169
25/6/2024,30,5.440714
25/6/2024,60,5.478784
25/6/2024,91,5.512312
25/6/2024,122,5.540135
25/6/2024,152,5.56182
25/6/2024,182,5.578536
25/6/2024,273,5.600747
25/6/2024,365,5.583711
25/6/2024,547,5.453767
25/6/2024,730,5.228953
26/6/2024,10,5.408927
26/6/2024,30,5.43762
26/6/2024,60,5.475876
26/6/2024,91,5.509556
26/6/2024,122,5.53749
26/6/2024,152,5.559247
26/6/2024,182,5.576001
26/6/2024,273,5.598134
26/6/2024,365,5.580762
26/6/2024,547,5.449572
26/6/2024,730,5.223033
27/6/2024,10,5.405493
27/6/2024,30,5.434294
27/6/2024,60,5.472687
27/6/2024,91,5.506475
27/6/2024,122,5.534487
27/6/2024,152,5.55629
27/6/2024,182,5.573063
27/6/2024,273,5.595105
27/6/2024,365,5.577441
27/6/2024,547,5.44523
27/6/2024,730,5.217322
28/6/2024,10,5.397591
28/6/2024,30,5.426773
28/6/2024,60,5.465693
28/6/2024,91,5.499974
28/6/2024,122,5.528427
28/6/2024,152,5.55061
28/6/2024,182,5.567719
28/6/2024,273,5.590523
28/6/2024,365,5.57328
28/6/2024,547,5.441071
28/6/2024,730,5.212386
1/7/2024,10,5.389899
1/7/2024,30,5.419432
1/7/2024,60,5.458845
1/7/2024,91,5.493592
1/7/2024,122,5.522467
1/7/2024,152,5.54502
1/7/2024,182,5.562463
1/7/2024,273,5.586072
1/7/2024,365,5.569357
1/7/2024,547,5.437511
1/7/2024,730,5.208564
2/7/2024,10,5.393601
2/7/2024,30,5.422506
2/7/2024,60,5.46102
2/7/2024,91,5.494894
2/7/2024,122,5.522953
2/7/2024,152,5.544768
2/7/2024,182,5.561522
2/7/2024,273,5.583334
2/7/2024,365,5.565224
2/7/2024,547,5.431728
2/7/2024,730,5.202387
3/7/2024,10,5.389398
3/7/2024,30,5.418329
3/7/2024,60,5.456887
3/7/2024,91,5.490809
3/7/2024,122,5.518918
3/7/2024,152,5.540783
3/7/2024,182,5.557591
3/7/2024,273,5.579576
3/7/2024,365,5.561662
3/7/2024,547,5.42861
3/7/2024,730,5.199781
5/7/2024,10,5.38073
5/7/2024,30,5.409967
5/7/2024,60,5.448953
5/7/2024,91,5.48328
5/7/2024,122,5.511758
5/7/2024,152,5.533948
5/7/2024,182,5.551049
5/7/2024,273,5.573747
5/7/2024,365,5.556307
5/7/2024,547,5.423604
5/7/2024,730,5.194568
8/7/2024,10,5.368215
8/7/2024,30,5.398035
8/7/2024,60,5.437839
8/7/2024,91,5.47294
8/7/2024,122,5.502124
8/7/2024,152,5.524933
8/7/2024,182,5.542593
8/7/2024,273,5.566643
8/7/2024,365,5.550092
8/7/2024,547,5.417985
8/7/2024,730,5.188411
9/7/2024,10,5.358803
9/7/2024,30,5.388956
9/7/2024,60,5.429217
9/7/2024,91,5.46474
9/7/2024,122,5.494296
9/7/2024,152,5.51742
9/7/2024,182,5.535352
9/7/2024,273,5.559982
9/7/2024,365,5.543685
9/7/2024,547,5.411297
9/7/2024,730,5.180732
10/7/2024,10,5.348971
10/7/2024,30,5.379466
10/7/2024,60,5.420197
10/7/2024,91,5.456151
10/7/2024,122,5.486085
10/7/2024,152,5.509527
10/7/2024,182,5.527731
10/7/2024,273,5.552928
10/7/2024,365,5.536852
10/7/2024,547,5.404072
10/7/2024,730,5.172366
11/7/2024,10,5.329198
11/7/2024,30,5.360807
11/7/2024,60,5.403096
11/7/2024,91,5.440523
11/7/2024,122,5.471795
11/7/2024,152,5.496407
11/7/2024,182,5.515663
11/7/2024,273,5.543373
11/7/2024,365,5.528897
11/7/2024,547,5.39698
11/7/2024,730,5.163869
12/7/2024,10,5.305829
12/7/2024,30,5.338615
12/7/2024,60,5.382553
12/7/2024,91,5.42154
12/7/2024,122,5.454232
12/7/2024,152,5.480089
12/7/2024,182,5.500468
12/7/2024,273,5.530879
12/7/2024,365,5.518154
12/7/2024,547,5.387304
12/7/2024,730,5.152888
15/7/2024,10,5.287688
15/7/2024,30,5.321036
15/7/2024,60,5.365749
15/7/2024,91,5.405458
15/7/2024,122,5.438793
15/7/2024,152,5.4652
15/7/2024,182,5.48606
15/7/2024,273,5.517546
15/7/2024,365,5.505376
15/7/2024,547,5.374356
15/7/2024,730,5.138595
16/7/2024,10,5.288131
16/7/2024,30,5.320378
16/7/2024,60,5.36351
16/7/2024,91,5.40167
16/7/2024,122,5.43354
16/7/2024,152,5.458608
16/7/2024,182,5.478206
16/7/2024,273,5.506309
16/7/2024,365,5.491364
16/7/2024,547,5.356572
16/7/2024,730,5.118997
17/7/2024,10,5.297111
17/7/2024,30,5.327516
17/7/2024,60,5.368016
17/7/2024,91,5.403616
17/7/2024,122,5.433086
17/7/2024,152,5.45598
17/7/2024,182,5.473545
17/7/2024,273,5.496307
17/7/2024,365,5.477143
17/7/2024,547,5.337079
17/7/2024,730,5.097605
18/7/2024,10,5.285447
18/7/2024,30,5.315997
18/7/2024,60,5.356676
18/7/2024,91,5.392418
18/7/2024,122,5.421986
18/7/2024,152,5.444934
18/7/2024,182,5.462517
18/7/2024,273,5.485126
18/7/2024,365,5.465532
18/7/2024,547,5.324017
18/7/2024,730,5.082637
19/7/2024,10,5.268617
19/7/2024,30,5.299732
19/7/2024,60,5.341193
19/7/2024,91,5.377662
19/7/2024,122,5.407879
19/7/2024,152,5.431383
19/7/2024,182,5.449452
19/7/2024,273,5.473151
19/7/2024,365,5.454125
19/7/2024,547,5.312465
19/7/2024,730,5.069759
22/7/2024,10,5.271284
22/7/2024,30,5.301187
22/7/2024,60,5.340917
22/7/2024,91,5.375705
22/7/2024,122,5.404348
22/7/2024,152,5.426429
22/7/2024,182,5.44317
22/7/2024,273,5.463395
22/7/2024,365,5.441653
22/7/2024,547,5.296689
22/7/2024,730,5.052963
23/7/2024,10,5.258844
23/7/2024,30,5.288865
23/7/2024,60,5.328753
23/7/2024,91,5.363682
23/7/2024,122,5.392442
23/7/2024,152,5.414615
23/7/2024,182,5.43143
23/7/2024,273,5.451771
23/7/2024,365,5.430006
23/7/2024,547,5.28469
23/7/2024,730,5.040391
24/7/2024,10,5.247536
24/7/2024,30,5.277619
24/7/2024,60,5.317582
24/7/2024,91,5.352568
24/7/2024,122,5.381366
24/7/2024,152,5.403558
24/7/2024,182,5.420376
24/7/2024,273,5.440634
24/7/2024,365,5.418668
24/7/2024,547,5.272721
24/7/2024,730,5.02766
25/7/2024,10,5.237498
25/7/2024,30,5.267533
25/7/2024,60,5.307419
25/7/2024,91,5.342314
25/7/2024,122,5.371013
25/7/2024,152,5.393102
25/7/2024,182,5.40981
25/7/2024,273,5.429702
25/7/2024,365,5.407329
25/7/2024,547,5.260547
25/7/2024,730,5.01473
26/7/2024,10,5.239948
26/7/2024,30,5.268735
26/7/2024,60,5.306841
26/7/2024,91,5.340012
26/7/2024,122,5.3671
26/7/2024,152,5.387735
26/7/2024,182,5.40309
26/7/2024,273,5.419464
26/7/2024,365,5.394372
26/7/2024,547,5.244386
26/7/2024,730,4.997747
29/7/2024,10,5.230808
29/7/2024,30,5.259425
29/7/2024,60,5.297279
29/7/2024,91,5.330193
29/7/2024,122,5.357029
29/7/2024,152,5.377425
29/7/2024,182,5.392546
29/7/2024,273,5.408242
29/7/2024,365,5.382521
29/7/2024,547,5.23149
29/7/2024,730,4.984119
30/7/2024,10,5.224088
30/7/2024,30,5.25232
30/7/2024,60,5.289615
30/7/2024,91,5.321977
30/7/2024,122,5.348287
30/7/2024,152,5.368196
30/7/2024,182,5.382853
30/7/2024,273,5.397281
30/7/2024,365,5.370483
30/7/2024,547,5.217894
30/7/2024,730,4.969676
31/7/2024,10,5.229176
31/7/2024,30,5.255934
31/7/2024,60,5.291125
31/7/2024,91,5.321444
31/7/2024,122,5.345839
31/7/2024,152,5.364017
31/7/2024,182,5.377057
31/7/2024,273,5.387254
31/7/2024,365,5.357139
31/7/2024,547,5.20048
31/7/2024,730,4.950923
1/8/2024,10,5.219297
1/8/2024,30,5.24578
1/8/2024,60,5.28056
1/8/2024,91,5.310458
1/8/2024,122,5.334435
1/8/2024,152,5.352212
1/8/2024,182,5.364856
1/8/2024,273,5.373883
1/8/2024,365,5.342642
1/8/2024,547,5.18399
1/8/2024,730,4.932832
2/8/2024,10,5.204785
2/8/2024,30,5.230688
2/8/2024,60,5.264628
2/8/2024,91,5.293695
2/8/2024,122,5.316878
2/8/2024,152,5.333922
2/8/2024,182,5.345866
2/8/2024,273,5.352972
2/8/2024,365,5.320088
2/8/2024,547,5.159019
2/8/2024,730,4.906464
5/8/2024,10,5.191816
5/8/2024,30,5.216683
5/8/2024,60,5.249136
5/8/2024,91,5.276748
5/8/2024,122,5.298558
5/8/2024,152,5.31435
5/8/2024,182,5.325115
5/8/2024,273,5.329075
5/8/2024,365,5.293631
5/8/2024,547,5.129145
5/8/2024,730,4.875042
6/8/2024,10,5.188407
6/8/2024,30,5.211338
6/8/2024,60,5.241034
6/8/2024,91,5.265977
6/8/2024,122,5.285299
6/8/2024,152,5.298847
6/8/2024,182,5.307527
6/8/2024,273,5.306086
6/8/2024,365,5.266494
6/8/2024,547,5.09718
6/8/2024,730,4.841898
7/8/2024,10,5.194426
7/8/2024,30,5.214606
7/8/2024,60,5.24039
7/8/2024,91,5.261557
7/8/2024,122,5.277363
7/8/2024,152,5.28775
7/8/2024,182,5.293501
7/8/2024,273,5.284518
7/8/2024,365,5.239205
7/8/2024,547,5.063455
7/8/2024,730,4.806962
8/8/2024,10,5.201259
8/8/2024,30,5.218605
8/8/2024,60,5.240367
8/8/2024,91,5.257659
8/8/2024,122,5.269867
8/8/2024,152,5.277031
8/8/2024,182,5.279803
8/8/2024,273,5.263209
8/8/2024,365,5.212218
8/8/2024,547,5.03038
8/8/2024,730,4.773267
9/8/2024,10,5.221619
9/8/2024,30,5.235019
9/8/2024,60,5.251185
9/8/2024,91,5.263093
9/8/2024,122,5.270314
9/8/2024,152,5.273014
9/8/2024,182,5.271671
9/8/2024,273,5.244609
9/8/2024,365,5.185881
9/8/2024,547,4.99596
9/8/2024,730,4.73838
12/8/2024,10,5.237192
12/8/2024,30,5.247188
12/8/2024,60,5.258527
12/8/2024,91,5.265787
12/8/2024,122,5.268694
12/8/2024,152,5.267531
12/8/2024,182,5.26262
12/8/2024,273,5.226454
12/8/2024,365,5.160949
12/8/2024,547,4.963802
12/8/2024,730,4.705537
13/8/2024,10,5.262869
13/8/2024,30,5.268457
13/8/2024,60,5.273544
13/8/2024,91,5.274788
13/8/2024,122,5.272116
13/8/2024,152,5.265958
13/8/2024,182,5.256438
13/8/2024,273,5.208529
13/8/2024,365,5.13431
13/8/2024,547,4.927949
13/8/2024,730,4.66893
14/8/2024,10,5.282098
14/8/2024,30,5.284006
14/8/2024,60,5.283866
14/8/2024,91,5.280072
14/8/2024,122,5.27272
14/8/2024,152,5.262364
14/8/2024,182,5.248962
14/8/2024,273,5.191114
14/8/2024,365,5.109443
14/8/2024,547,4.894953
14/8/2024,730,4.634823
15/8/2024,10,5.297033
15/8/2024,30,5.295972
15/8/2024,60,5.291614
15/8/2024,91,5.283746
15/8/2024,122,5.272605
15/8/2024,152,5.258846
15/8/2024,182,5.24229
15/8/2024,273,5.176334
15/8/2024,365,5.088531
15/8/2024,547,4.86719
15/8/2024,730,4.605847
16/8/2024,10,5.295273
16/8/2024,30,5.292931
16/8/2024,60,5.28674
16/8/2024,91,5.277091
16/8/2024,122,5.264279
16/8/2024,152,5.249003
16/8/2024,182,5.231031
16/8/2024,273,5.161349
16/8/2024,365,5.070601
16/8/2024,547,4.845591
16/8/2024,730,4.582975
19/8/2024,10,5.299954
19/8/2024,30,5.295818
19/8/2024,60,5.287071
19/8/2024,91,5.274949
19/8/2024,122,5.25983
19/8/2024,152,5.242476
19/8/2024,182,5.222571
19/8/2024,273,5.147887
19/8/2024,365,5.0533
19/8/2024,547,4.82384
19/8/2024,730,4.560178
20/8/2024,10,5.298904
20/8/2024,30,5.293576
20/8/2024,60,5.283125
20/8/2024,91,5.269344
20/8/2024,122,5.252668
20/8/2024,152,5.233903
20/8/2024,182,5.212677
20/8/2024,273,5.134519
20/8/2024,365,5.037182
20/8/2024,547,4.804278
20/8/2024,730,4.539392
21/8/2024,10,5.296321
21/8/2024,30,5.289983
21/8/2024,60,5.278083
21/8/2024,91,5.262885
21/8/2024,122,5.244872
21/8/2024,152,5.224887
21/8/2024,182,5.202513
21/8/2024,273,5.121292
21/8/2024,365,5.021466
21/8/2024,547,4.785249
21/8/2024,730,4.518884
22/8/2024,10,5.288588
22/8/2024,30,5.281838
22/8/2024,60,5.269337
22/8/2024,91,5.253538
22/8/2024,122,5.234944
22/8/2024,152,5.214416
22/8/2024,182,5.191518
22/8/2024,273,5.108825
22/8/2024,365,5.007688
22/8/2024,547,4.76941
22/8/2024,730,4.501684
23/8/2024,10,5.278703
23/8/2024,30,5.271598
23/8/2024,60,5.258578
23/8/2024,91,5.242263
23/8/2024,122,5.223172
23/8/2024,152,5.202182
23/8/2024,182,5.178841
23/8/2024,273,5.094915
23/8/2024,365,4.992704
23/8/2024,547,4.752798
23/8/2024,730,4.484097
26/8/2024,10,5.268434
26/8/2024,30,5.261102
26/8/2024,60,5.247744
26/8/2024,91,5.231082
26/8/2024,122,5.211646
26/8/2024,152,5.190326
26/8/2024,182,5.166658
26/8/2024,273,5.081768
26/8/2024,365,4.978633
26/8/2024,547,4.737113
26/8/2024,730,4.46716
27/8/2024,10,5.256137
27/8/2024,30,5.248758
27/8/2024,60,5.235316
27/8/2024,91,5.218551
27/8/2024,122,5.198998
27/8/2024,152,5.17755
27/8/2024,182,5.153743
27/8/2024,273,5.068364
27/8/2024,365,4.964659
27/8/2024,547,4.721891
27/8/2024,730,4.450714
28/8/2024,10,5.24263
28/8/2024,30,5.2354
28/8/2024,60,5.222149
28/8/2024,91,5.205542
28/8/2024,122,5.186109
28/8/2024,152,5.164743
28/8/2024,182,5.140987
28/8/2024,273,5.055583
28/8/2024,365,4.951616
28/8/2024,547,4.707822
28/8/2024,730,4.435248
29/8/2024,10,5.245292
29/8/2024,30,5.236689
29/8/2024,60,5.221476
29/8/2024,91,5.202965
29/8/2024,122,5.18175
29/8/2024,152,5.158771
29/8/2024,182,5.13351
29/8/2024,273,5.044171
29/8/2024,365,4.937125
29/8/2024,547,4.689583
29/8/2024,730,4.415832
30/8/2024,10,5.246788
30/8/2024,30,5.236928
30/8/2024,60,5.219924
30/8/2024,91,5.199678
30/8/2024,122,5.176842
30/8/2024,152,5.152401
30/8/2024,182,5.125779
30/8/2024,273,5.032907
30/8/2024,365,4.923136
30/8/2024,547,4.672402
30/8/2024,730,4.397871
3/9/2024,10,5.239493
3/9/2024,30,5.229239
3/9/2024,60,5.211666
3/9/2024,91,5.190859
3/9/2024,122,5.16749
3/9/2024,152,5.142559
3/9/2024,182,5.115471
3/9/2024,273,5.021337
3/9/2024,365,4.910509
3/9/2024,547,4.658294
3/9/2024,730,4.383022
4/9/2024,10,5.242059
4/9/2024,30,5.230355
4/9/2024,60,5.21072
4/9/2024,91,5.187918
4/9/2024,122,5.162691
4/9/2024,152,5.136087
4/9/2024,182,5.107447
4/9/2024,273,5.009305
4/9/2024,365,4.895423
4/9/2024,547,4.639733
4/9/2024,730,4.363768
5/9/2024,10,5.240848
5/9/2024,30,5.227923
5/9/2024,60,5.206548
5/9/2024,91,5.182062
5/9/2024,122,5.155263
5/9/2024,152,5.127242
5/9/2024,182,5.097284
5/9/2024,273,4.995726
5/9/2024,365,4.879217
5/9/2024,547,4.620472
5/9/2024,730,4.343783
6/9/2024,10,5.245532
6/9/2024,30,5.230732
6/9/2024,60,5.206689
6/9/2024,91,5.179624
6/9/2024,122,5.15042
6/9/2024,152,5.120236
6/9/2024,182,5.088269
6/9/2024,273,4.981522
6/9/2024,365,4.861052
6/9/2024,547,4.597775
6/9/2024,730,4.320118
9/9/2024,10,5.267869
9/9/2024,30,5.249569
9/9/2024,60,5.220559
9/9/2024,91,5.188707
9/9/2024,122,5.155058
9/9/2024,152,5.120889
9/9/2024,182,5.085239
9/9/2024,273,4.969069
9/9/2024,365,4.841545
9/9/2024,547,4.570606
9/9/2024,730,4.291933
10/9/2024,10,5.294919
10/9/2024,30,5.272587
10/9/2024,60,5.237851
10/9/2024,91,5.200481
10/9/2024,122,5.161709
10/9/2024,152,5.122944
10/9/2024,182,5.083046
10/9/2024,273,4.956004
10/9/2024,365,4.820333
10/9/2024,547,4.540505
10/9/2024,730,4.260577
11/9/2024,10,5.310435
11/9/2024,30,5.285169
11/9/2024,60,5.246264
11/9/2024,91,5.20487
11/9/2024,122,5.162355
11/9/2024,152,5.120227
11/9/2024,182,5.077215
11/9/2024,273,4.942166
11/9/2024,365,4.800436
11/9/2024,547,4.51382
11/9/2024,730,4.232625
12/9/2024,10,5.315266
12/9/2024,30,5.288093
12/9/2024,60,5.246474
12/9/2024,91,5.202455
12/9/2024,122,5.15749
12/9/2024,152,5.113156
12/9/2024,182,5.068093
12/9/2024,273,4.927733
12/9/2024,365,4.781926
12/9/2024,547,4.490563
12/9/2024,730,4.208194
13/9/2024,10,5.300437
13/9/2024,30,5.273015
13/9/2024,60,5.231029
13/9/2024,91,5.186641
13/9/2024,122,5.14132
13/9/2024,152,5.096651
13/9/2024,182,5.051264
13/9/2024,273,4.909991
13/9/2024,365,4.763366
13/9/2024,547,4.470716
13/9/2024,730,4.187522
16/9/2024,10,5.293035
16/9/2024,30,5.264526
16/9/2024,60,5.220997
16/9/2024,91,5.17512
16/9/2024,122,5.128414
16/9/2024,152,5.082501
16/9/2024,182,5.035963
16/9/2024,273,4.891736
16/9/2024,365,4.742889
16/9/2024,547,4.447813
16/9/2024,730,4.164317
17/9/2024,10,5.295633
17/9/2024,30,5.265061
17/9/2024,60,5.218609
17/9/2024,91,5.169926
17/9/2024,122,5.120623
17/9/2024,152,5.072392
17/9/2024,182,5.02372
17/9/2024,273,4.874094
17/9/2024,365,4.721305
17/9/2024,547,4.422273
17/9/2024,730,4.138873
18/9/2024,10,5.281076
18/9/2024,30,5.249946
18/9/2024,60,5.202709
18/9/2024,91,5.153278
18/9/2024,122,5.10329
18/9/2024,152,5.054455
18/9/2024,182,5.005236
18/9/2024,273,4.854273
18/9/2024,365,4.700594
18/9/2024,547,4.400989
18/9/2024,730,4.1183
19/9/2024,10,5.263809
19/9/2024,30,5.232387
19/9/2024,60,5.184743
19/9/2024,91,5.134929
19/9/2024,122,5.084596
19/9/2024,152,5.035462
19/9/2024,182,4.985977
19/9/2024,273,4.834404
19/9/2024,365,4.680387
19/9/2024,547,4.380843
19/9/2024,730,4.099021
20/9/2024,10,5.245237
20/9/2024,30,5.213548
20/9/2024,60,5.165539
20/9/2024,91,5.115391
20/9/2024,122,5.064768
20/9/2024,152,5.015392
20/9/2024,182,4.965704
20/9/2024,273,4.813734
20/9/2024,365,4.659627
20/9/2024,547,4.36069
20/9/2024,730,4.080309
23/9/2024,10,5.229427
23/9/2024,30,5.197216
23/9/2024,60,5.148483
23/9/2024,91,5.097658
23/9/2024,122,5.046429
23/9/2024,152,4.996531
23/9/2024,182,4.946382
23/9/2024,273,4.793373
23/9/2024,365,4.638719
23/9/2024,547,4.339972
23/9/2024,730,4.061121
24/9/2024,10,5.221104
24/9/2024,30,5.187586
24/9/2024,60,5.137019
24/9/2024,91,5.084456
24/9/2024,122,5.031642
24/9/2024,152,4.980353
24/9/2024,182,4.928949
24/9/2024,273,4.772916
24/9/2024,365,4.616305
24/9/2024,547,4.316456
24/9/2024,730,4.039376
25/9/2024,10,5.204284
25/9/2024,30,5.170332
25/9/2024,60,5.119167
25/9/2024,91,5.06605
25/9/2024,122,5.012747
25/9/2024,152,4.961044
25/9/2024,182,4.909282
25/9/2024,273,4.752489
25/9/2024,365,4.595569
25/9/2024,547,4.296266
25/9/2024,730,4.020943
26/9/2024,10,5.201556
26/9/2024,30,5.165971
26/9/2024,60,5.112513
26/9/2024,91,5.057223
26/9/2024,122,5.001937
26/9/2024,152,4.948491
26/9/2024,182,4.895154
26/9/2024,273,4.734555
26/9/2024,365,4.57515
26/9/2024,547,4.274343
26/9/2024,730,4.001045
27/9/2024,10,5.177975
27/9/2024,30,5.142695
27/9/2024,60,5.08969
27/9/2024,91,5.03486
27/9/2024,122,4.980025
27/9/2024,152,4.92701
27/9/2024,182,4.874096
27/9/2024,273,4.714741
27/9/2024,365,4.556535
27/9/2024,547,4.257943
27/9/2024,730,3.986688
30/9/2024,10,5.153122
30/9/2024,30,5.118438
30/9/2024,60,5.066297
30/9/2024,91,5.012322
30/9/2024,122,4.958307
30/9/2024,152,4.906051
30/9/2024,182,4.853863
30/9/2024,273,4.696522
30/9/2024,365,4.540084
30/9/2024,547,4.2443
30/9/2024,730,3.975122
1/10/2024,10,5.122671
1/10/2024,30,5.089151
1/10/2024,60,5.038679
1/10/2024,91,4.986335
1/10/2024,122,4.933856
1/10/2024,152,4.883001
1/10/2024,182,4.832133
1/10/2024,273,4.678316
1/10/2024,365,4.524766
1/10/2024,547,4.232981
1/10/2024,730,3.965998
2/10/2024,10,5.104959
2/10/2024,30,5.071543
2/10/2024,60,5.02124
2/10/2024,91,4.969085
2/10/2024,122,4.916811
2/10/2024,152,4.866167
2/10/2024,182,4.815522
2/10/2024,273,4.662454
2/10/2024,365,4.509758
2/10/2024,547,4.219883
2/10/2024,730,3.955009
3/10/2024,10,5.10049
3/10/2024,30,5.066168
3/10/2024,60,5.014606
3/10/2024,91,4.961272
3/10/2024,122,4.907939
3/10/2024,152,4.856381
3/10/2024,182,4.804928
3/10/2024,273,4.650013
3/10/2024,365,4.496297
3/10/2024,547,4.206501
3/10/2024,730,3.943829
4/10/2024,10,5.085817
4/10/2024,30,5.051938
4/10/2024,60,5.001029
4/10/2024,91,4.948356
4/10/2024,122,4.895671
4/10/2024,152,4.844727
4/10/2024,182,4.793875
4/10/2024,273,4.640709
4/10/2024,365,4.488644
4/10/2024,547,4.20178
4/10/2024,730,3.941619
7/10/2024,10,5.075364
7/10/2024,30,5.041926
7/10/2024,60,4.99167
7/10/2024,91,4.939663
7/10/2024,122,4.887634
7/10/2024,152,4.837315
7/10/2024,182,4.787079
7/10/2024,273,4.635722
7/10/2024,365,4.485394
7/10/2024,547,4.201676
7/10/2024,730,3.944266
8/10/2024,10,5.061024
8/10/2024,30,5.028594
8/10/2024,60,4.979797
8/10/2024,91,4.92923
8/10/2024,122,4.878575
8/10/2024,152,4.829524
8/10/2024,182,4.780496
8/10/2024,273,4.632456
8/10/2024,365,4.48498
8/10/2024,547,4.205584
8/10/2024,730,3.951022
9/10/2024,10,5.053909
9/10/2024,30,5.022054
9/10/2024,60,4.974101
9/10/2024,91,4.924386
9/10/2024,122,4.87456
9/10/2024,152,4.826292
9/10/2024,182,4.778027
9/10/2024,273,4.632179
9/10/2024,365,4.486738
9/10/2024,547,4.210847
9/10/2024,730,3.959138
10/10/2024,10,5.045199
10/10/2024,30,5.014131
10/10/2024,60,4.967325
10/10/2024,91,4.918751
10/10/2024,122,4.870025
10/10/2024,152,4.82278
10/10/2024,182,4.7755
10/10/2024,273,4.632415
10/10/2024,365,4.489435
10/10/2024,547,4.217512
10/10/2024,730,3.968726
11/10/2024,10,5.014283
11/10/2024,30,4.985979
11/10/2024,60,4.943115
11/10/2024,91,4.898366
11/10/2024,122,4.853218
11/10/2024,152,4.809208
11/10/2024,182,4.764946
11/10/2024,273,4.629754
11/10/2024,365,4.492972
11/10/2024,547,4.228769
11/10/2024,730,3.982907
14/10/2024,10,4.987121
14/10/2024,30,4.961264
14/10/2024,60,4.921895
14/10/2024,91,4.880539
14/10/2024,122,4.83857
14/10/2024,152,4.797438
14/10/2024,182,4.755863
14/10/2024,273,4.627719
14/10/2024,365,4.496503
14/10/2024,547,4.239339
14/10/2024,730,3.996311
15/10/2024,10,4.96638
15/10/2024,30,4.942439
15/10/2024,60,4.905809
15/10/2024,91,4.867117
15/10/2024,122,4.827648
15/10/2024,152,4.788785
15/10/2024,182,4.749334
15/10/2024,273,4.626793
15/10/2024,365,4.500052
15/10/2024,547,4.248699
15/10/2024,730,4.008245
16/10/2024,10,4.939345
16/10/2024,30,4.917858
16/10/2024,60,4.884727
16/10/2024,91,4.849428
16/10/2024,122,4.813131
16/10/2024,152,4.777132
16/10/2024,182,4.740352
16/10/2024,273,4.624781
16/10/2024,365,4.50349
16/10/2024,547,4.258856
16/10/2024,730,4.020842
17/10/2024,10,4.919225
17/10/2024,30,4.89965
17/10/2024,60,4.869248
17/10/2024,91,4.836599
17/10/2024,122,4.802783
17/10/2024,152,4.769029
17/10/2024,182,4.734346
17/10/2024,273,4.624272
17/10/2024,365,4.50732
17/10/2024,547,4.268169
17/10/2024,730,4.032367
18/10/2024,10,4.901041
18/10/2024,30,4.88317
18/10/2024,60,4.855201
18/10/2024,91,4.824915
18/10/2024,122,4.793314
18/10/2024,152,4.761566
18/10/2024,182,4.728758
18/10/2024,273,4.623611
18/10/2024,365,4.510565
18/10/2024,547,4.276407
18/10/2024,730,4.042717
21/10/2024,10,4.896204
21/10/2024,30,4.878875
21/10/2024,60,4.851698
21/10/2024,91,4.822204
21/10/2024,122,4.791367
21/10/2024,152,4.760335
21/10/2024,182,4.728218
21/10/2024,273,4.625026
21/10/2024,365,4.513751
21/10/2024,547,4.282534
21/10/2024,730,4.051136
22/10/2024,10,4.881013
22/10/2024,30,4.865322
22/10/2024,60,4.840484
22/10/2024,91,4.813259
22/10/2024,122,4.784547
22/10/2024,152,4.755437
22/10/2024,182,4.725114
22/10/2024,273,4.626624
22/10/2024,365,4.519057
22/10/2024,547,4.292533
22/10/2024,730,4.063064
23/10/2024,10,4.87672
23/10/2024,30,4.861703
23/10/2024,60,4.837841
23/10/2024,91,4.811583
23/10/2024,122,4.783797
23/10/2024,152,4.755544
23/10/2024,182,4.726041
23/10/2024,273,4.629824
23/10/2024,365,4.524246
23/10/2024,547,4.300849
23/10/2024,730,4.07362
24/10/2024,10,4.870173
24/10/2024,30,4.85607
24/10/2024,60,4.833524
24/10/2024,91,4.80856
24/10/2024,122,4.782
24/10/2024,152,4.754873
24/10/2024,182,4.726438
24/10/2024,273,4.633113
24/10/2024,365,4.529972
24/10/2024,547,4.310137
24/10/2024,730,4.085117
25/10/2024,10,4.861703
25/10/2024,30,4.848646
25/10/2024,60,4.827604
25/10/2024,91,4.804114
25/10/2024,122,4.778951
25/10/2024,152,4.753104
25/10/2024,182,4.725879
25/10/2024,273,4.635824
25/10/2024,365,4.535416
25/10/2024,547,4.319513
25/10/2024,730,4.096837
28/10/2024,10,4.873791
28/10/2024,30,4.859848
28/10/2024,60,4.837583
28/10/2024,91,4.812961
28/10/2024,122,4.786792
28/10/2024,152,4.760087
28/10/2024,182,4.732116
28/10/2024,273,4.640436
28/10/2024,365,4.539269
28/10/2024,547,4.324024
28/10/2024,730,4.104136
29/10/2024,10,4.883302
29/10/2024,30,4.868764
29/10/2024,60,4.845684
29/10/2024,91,4.820309
29/10/2024,122,4.79348
29/10/2024,152,4.766219
29/10/2024,182,4.737772
29/10/2024,273,4.645099
29/10/2024,365,4.543559
29/10/2024,547,4.329118
29/10/2024,730,4.111561
30/10/2024,10,4.888531
30/10/2024,30,4.87385
30/10/2024,60,4.850593
30/10/2024,91,4.825083
30/10/2024,122,4.798163
30/10/2024,152,4.770857
30/10/2024,182,4.742404
30/10/2024,273,4.649938
30/10/2024,365,4.548913
30/10/2024,547,4.336219
30/10/2024,730,4.121084
31/10/2024,10,4.876263
31/10/2024,30,4.863209
31/10/2024,60,4.842275
31/10/2024,91,4.819021
31/10/2024,122,4.794213
31/10/2024,152,4.768819
31/10/2024,182,4.742151
31/10/2024,273,4.654368
31/10/2024,365,4.557046
31/10/2024,547,4.34906
31/10/2024,730,4.135893
1/11/2024,10,4.85069
1/11/2024,30,4.840448
1/11/2024,60,4.823514
1/11/2024,91,4.804126
1/11/2024,122,4.782922
1/11/2024,152,4.760772
1/11/2024,182,4.737116
1/11/2024,273,4.657129
1/11/2024,365,4.565801
1/11/2024,547,4.364906
1/11/2024,730,4.153872
4/11/2024,10,4.824228
4/11/2024,30,4.81683
4/11/2024,60,4.803945
4/11/2024,91,4.788474
4/11/2024,122,4.770922
4/11/2024,152,4.752064
4/11/2024,182,4.731467
4/11/2024,273,4.659415
4/11/2024,365,4.574213
4/11/2024,547,4.380643
4/11/2024,730,4.171928
5/11/2024,10,4.806328
5/11/2024,30,4.800983
5/11/2024,60,4.791029
5/11/2024,91,4.778406
5/11/2024,122,4.763524
5/11/2024,152,4.747084
5/11/2024,182,4.728747
5/11/2024,273,4.662637
5/11/2024,365,4.582147
5/11/2024,547,4.394595
5/11/2024,730,4.188401
6/11/2024,10,4.791902
6/11/2024,30,4.788327
6/11/2024,60,4.780908
6/11/2024,91,4.770757
6/11/2024,122,4.758202
6/11/2024,152,4.743879
6/11/2024,182,4.727531
6/11/2024,273,4.666702
6/11/2024,365,4.590489
6/11/2024,547,4.408673
6/11/2024,730,4.205302
7/11/2024,10,4.787361
7/11/2024,30,4.784661
7/11/2024,60,4.778509
7/11/2024,91,4.769611
7/11/2024,122,4.758252
7/11/2024,152,4.745034
7/11/2024,182,4.729742
7/11/2024,273,4.67182
7/11/2024,365,4.598121
7/11/2024,547,4.42016
7/11/2024,730,4.21939
8/11/2024,10,4.786758
8/11/2024,30,4.784573
8/11/2024,60,4.779181
8/11/2024,91,4.771049
8/11/2024,122,4.76044
8/11/2024,152,4.747932
8/11/2024,182,4.733332
8/11/2024,273,4.677413
8/11/2024,365,4.605589
8/11/2024,547,4.430894
8/11/2024,730,4.232822
11/11/2024,10,4.790678
11/11/2024,30,4.78872
11/11/2024,60,4.783678
11/11/2024,91,4.77592
11/11/2024,122,4.765695
11/11/2024,152,4.753566
11/11/2024,182,4.739355
11/11/2024,273,4.684655
11/11/2024,365,4.614112
11/11/2024,547,4.442009
11/11/2024,730,4.246485
12/11/2024,10,4.811961
12/11/2024,30,4.808782
12/11/2024,60,4.80204
12/11/2024,91,4.792685
12/11/2024,122,4.781022
12/11/2024,152,4.767647
12/11/2024,182,4.752327
12/11/2024,273,4.695058
12/11/2024,365,4.62302
12/11/2024,547,4.450661
12/11/2024,730,4.257558
13/11/2024,10,4.847667
13/11/2024,30,4.841803
13/11/2024,60,4.831292
13/11/2024,91,4.818363
13/11/2024,122,4.803436
13/11/2024,152,4.787192
13/11/2024,182,4.769277
13/11/2024,273,4.705711
13/11/2024,365,4.629507
13/11/2024,547,4.454354
13/11/2024,730,4.263944
14/11/2024,10,4.86536
14/11/2024,30,4.858609
14/11/2024,60,4.846868
14/11/2024,91,4.832792
14/11/2024,122,4.816841
14/11/2024,152,4.799718
14/11/2024,182,4.781029
14/11/2024,273,4.715729
14/11/2024,365,4.638618
14/11/2024,547,4.463741
14/11/2024,730,4.275648
15/11/2024,10,4.874954
15/11/2024,30,4.868042
15/11/2024,60,4.856103
15/11/2024,91,4.84187
15/11/2024,122,4.825811
15/11/2024,152,4.808627
15/11/2024,182,4.789921
15/11/2024,273,4.724802
15/11/2024,365,4.648198
15/11/2024,547,4.475078
15/11/2024,730,4.289419
18/11/2024,10,4.879267
18/11/2024,30,4.872711
18/11/2024,60,4.861304
18/11/2024,91,4.84762
18/11/2024,122,4.832107
18/11/2024,152,4.815449
18/11/2024,182,4.797264
18/11/2024,273,4.733707
18/11/2024,365,4.658636
18/11/2024,547,4.488367
18/11/2024,730,4.305253
19/11/2024,10,4.89072
19/11/2024,30,4.883975
19/11/2024,60,4.87232
19/11/2024,91,4.858425
19/11/2024,122,4.842746
19/11/2024,152,4.825967
19/11/2024,182,4.807701
19/11/2024,273,4.744112
19/11/2024,365,4.669304
19/11/2024,547,4.500246
19/11/2024,730,4.318967
20/11/2024,10,4.886873
20/11/2024,30,4.881445
20/11/2024,60,4.871667
20/11/2024,91,4.859589
20/11/2024,122,4.845607
20/11/2024,152,4.830359
20/11/2024,182,4.813516
20/11/2024,273,4.753629
20/11/2024,365,4.681693
20/11/2024,547,4.516111
20/11/2024,730,4.335994
21/11/2024,10,4.875237
21/11/2024,30,4.871912
21/11/2024,60,4.865128
21/11/2024,91,4.855945
21/11/2024,122,4.844663
21/11/2024,152,4.831847
21/11/2024,182,4.817263
21/11/2024,273,4.763229
21/11/2024,365,4.695797
21/11/2024,547,4.535529
21/11/2024,730,4.356932
22/11/2024,10,4.86426
22/11/2024,30,4.862846
22/11/2024,60,4.858789
22/11/2024,91,4.852256
22/11/2024,122,4.843454
22/11/2024,152,4.832883
22/11/2024,182,4.820398
22/11/2024,273,4.771861
22/11/2024,365,4.708758
22/11/2024,547,4.553899
22/11/2024,730,4.377312
25/11/2024,10,4.860931
25/11/2024,30,4.86064
25/11/2024,60,4.858192
25/11/2024,91,4.853225
25/11/2024,122,4.845895
25/11/2024,152,4.836662
25/11/2024,182,4.82543
25/11/2024,273,4.780208
25/11/2024,365,4.719762
25/11/2024,547,4.568355
25/11/2024,730,4.393258
26/11/2024,10,4.866252
26/11/2024,30,4.86624
26/11/2024,60,4.864201
26/11/2024,91,4.859644
26/11/2024,122,4.852712
26/11/2024,152,4.843851
26/11/2024,182,4.832979
26/11/2024,273,4.788776
26/11/2024,365,4.729251
26/11/2024,547,4.579349
26/11/2024,730,4.405355
27/11/2024,10,4.874011
27/11/2024,30,4.873894
27/11/2024,60,4.871718
27/11/2024,91,4.867044
27/11/2024,122,4.860019
27/11/2024,152,4.851089
27/11/2024,182,4.84017
27/11/2024,273,4.795941
27/11/2024,365,4.736547
27/11/2024,547,4.587272
27/11/2024,730,4.414226
29/11/2024,10,4.866161
29/11/2024,30,4.867208
29/11/2024,60,4.866684
29/11/2024,91,4.863602
29/11/2024,122,4.858055
29/11/2024,152,4.850453
29/11/2024,182,4.840761
29/11/2024,273,4.79968
29/11/2024,365,4.742659
29/11/2024,547,4.59604
29/11/2024,730,4.423536
2/12/2024,10,4.86261
2/12/2024,30,4.864304
2/12/2024,60,4.8647
2/12/2024,91,4.862511
2/12/2024,122,4.857797
2/12/2024,152,4.850946
2/12/2024,182,4.841954
2/12/2024,273,4.802691
2/12/2024,365,4.747082
2/12/2024,547,4.602171
2/12/2024,730,4.430236
3/12/2024,10,4.864427
3/12/2024,30,4.866224
3/12/2024,60,4.866773
3/12/2024,91,4.864735
3/12/2024,122,4.86017
3/12/2024,152,4.853459
3/12/2024,182,4.844602
3/12/2024,273,4.805728
3/12/2024,365,4.75048
3/12/2024,547,4.606192
3/12/2024,730,4.434773
4/12/2024,10,4.867404
4/12/2024,30,4.869199
4/12/2024,60,4.869746
4/12/2024,91,4.867708
4/12/2024,122,4.863145
4/12/2024,152,4.856437
4/12/2024,182,4.847586
4/12/2024,273,4.808739
4/12/2024,365,4.753535
4/12/2024,547,4.609384
4/12/2024,730,4.438168
5/12/2024,10,4.872373
5/12/2024,30,4.874011
5/12/2024,60,4.874334
5/12/2024,91,4.872082
5/12/2024,122,4.867321
5/12/2024,152,4.860436
5/12/2024,182,4.851422
5/12/2024,273,4.812165
5/12/2024,365,4.756668
5/12/2024,547,4.612254
5/12/2024,730,4.441136
6/12/2024,10,4.878438
6/12/2024,30,4.879732
6/12/2024,60,4.879569
6/12/2024,91,4.87685
6/12/2024,122,4.871658
6/12/2024,152,4.86439
6/12/2024,182,4.855023
6/12/2024,273,4.814882
6/12/2024,365,4.758751
6/12/2024,547,4.613753
6/12/2024,730,4.442772
9/12/2024,10,4.876364
9/12/2024,30,4.878087
9/12/2024,60,4.878532
9/12/2024,91,4.876399
9/12/2024,122,4.871749
9/12/2024,152,4.864966
9/12/2024,182,4.856047
9/12/2024,273,4.81705
9/12/2024,365,4.761776
9/12/2024,547,4.617738
9/12/2024,730,4.446987
10/12/2024,10,4.880544
10/12/2024,30,4.882086
10/12/2024,60,4.882281
10/12/2024,91,4.879913
10/12/2024,122,4.875054
10/12/2024,152,4.86809
10/12/2024,182,4.859013
10/12/2024,273,4.819658
10/12/2024,365,4.764197
10/12/2024,547,4.620224
10/12/2024,730,4.449988
11/12/2024,10,4.87956
11/12/2024,30,4.881443
11/12/2024,60,4.882122
11/12/2024,91,4.880225
11/12/2024,122,4.875803
11/12/2024,152,4.869236
11/12/2024,182,4.860527
11/12/2024,273,4.822135
11/12/2024,365,4.767429
11/12/2024,547,4.624413
11/12/2024,730,4.454597
12/12/2024,10,4.878257
12/12/2024,30,4.880522
12/12/2024,60,4.881748
12/12/2024,91,4.880383
12/12/2024,122,4.876462
12/12/2024,152,4.870349
12/12/2024,182,4.862067
12/12/2024,273,4.824808
12/12/2024,365,4.771018
12/12/2024,547,4.629243
12/12/2024,730,4.460083
13/12/2024,10,4.877277
13/12/2024,30,4.879791
13/12/2024,60,4.881381
13/12/2024,91,4.880379
13/12/2024,122,4.876809
13/12/2024,152,4.871024
13/12/2024,182,4.863058
13/12/2024,273,4.826694
13/12/2024,365,4.773719
13/12/2024,547,4.633313
13/12/2024,730,4.465267
16/12/2024,10,4.880878
16/12/2024,30,4.883217
16/12/2024,60,4.884573
16/12/2024,91,4.883363
16/12/2024,122,4.879618
16/12/2024,152,4.873693
16/12/2024,182,4.865618
16/12/2024,273,4.829085
16/12/2024,365,4.776168
16/12/2024,547,4.636447
16/12/2024,730,4.469651
17/12/2024,10,4.88662
17/12/2024,30,4.888503
17/12/2024,60,4.889229
17/12/2024,91,4.887435
17/12/2024,122,4.883172
17/12/2024,152,4.876808
17/12/2024,182,4.868349
17/12/2024,273,4.830986
17/12/2024,365,4.777693
17/12/2024,547,4.638362
17/12/2024,730,4.4731
18/12/2024,10,4.888403
18/12/2024,30,4.890206
18/12/2024,60,4.890836
18/12/2024,91,4.888976
18/12/2024,122,4.884678
18/12/2024,152,4.878309
18/12/2024,182,4.869874
18/12/2024,273,4.832738
18/12/2024,365,4.779889
18/12/2024,547,4.641953
18/12/2024,730,4.478577
19/12/2024,10,4.875648
19/12/2024,30,4.87881
19/12/2024,60,4.881382
19/12/2024,91,4.881405
19/12/2024,122,4.878871
19/12/2024,152,4.874097
19/12/2024,182,4.867152
19/12/2024,273,4.833924
19/12/2024,365,4.784169
19/12/2024,547,4.6502
19/12/2024,730,4.488577
20/12/2024,10,4.869358
20/12/2024,30,4.873195
20/12/2024,60,4.876744
20/12/2024,91,4.877734
20/12/2024,122,4.876125
20/12/2024,152,4.872207
20/12/2024,182,4.866079
20/12/2024,273,4.835113
20/12/2024,365,4.787331
20/12/2024,547,4.656454
20/12/2024,730,4.497048
23/12/2024,10,4.861603
23/12/2024,30,4.866303
23/12/2024,60,4.871095
23/12/2024,91,4.873307
23/12/2024,122,4.872857
23/12/2024,152,4.870003
23/12/2024,182,4.864885
23/12/2024,273,4.836662
23/12/2024,365,4.791203
23/12/2024,547,4.66377
23/12/2024,730,4.506594
24/12/2024,10,4.86582
24/12/2024,30,4.870235
24/12/2024,60,4.87465
24/12/2024,91,4.876532
24/12/2024,122,4.875812
24/12/2024,152,4.872753
24/12/2024,182,4.867481
24/12/2024,273,4.839089
24/12/2024,365,4.793869
24/12/2024,547,4.667908
24/12/2024,730,4.513175
26/12/2024,10,4.86825
26/12/2024,30,4.872531
26/12/2024,60,4.87678
26/12/2024,91,4.878532
26/12/2024,122,4.877723
26/12/2024,152,4.874615
26/12/2024,182,4.86933
26/12/2024,273,4.841101
26/12/2024,365,4.796327
26/12/2024,547,4.671929
26/12/2024,730,4.519423
27/12/2024,10,4.876015
27/12/2024,30,4.879485
27/12/2024,60,4.882618
27/12/2024,91,4.88334
27/12/2024,122,4.881621
27/12/2024,152,4.877743
27/12/2024,182,4.871794
27/12/2024,273,4.842153
27/12/2024,365,4.79679
27/12/2024,547,4.673268
27/12/2024,730,4.523652
30/12/2024,10,4.874528
30/12/2024,30,4.877932
30/12/2024,60,4.880995
30/12/2024,91,4.881681
30/12/2024,122,4.879962
30/12/2024,152,4.876116
30/12/2024,182,4.870228
30/12/2024,273,4.840947
30/12/2024,365,4.796185
30/12/2024,547,4.674415
30/12/2024,730,4.527078
31/12/2024,10,4.868204
31/12/2024,30,4.871811
31/12/2024,60,4.875183
31/12/2024,91,4.876197
31/12/2024,122,4.874812
31/12/2024,152,4.871297
31/12/2024,182,4.865746
31/12/2024,273,4.83752
31/12/2024,365,4.793865
31/12/2024,547,4.674364
31/12/2024,730,4.529339
2/1/2025,10,4.846882
2/1/2025,30,4.852081
2/1/2025,60,4.857702
2/1/2025,91,4.860871
2/1/2025,122,4.861474
2/1/2025,152,4.859729
2/1/2025,182,4.855804
2/1/2025,273,4.831675
2/1/2025,365,4.791009
2/1/2025,547,4.674603
2/1/2025,730,4.529931
3/1/2025,10,4.823341
3/1/2025,30,4.830174
3/1/2025,60,4.838118
3/1/2025,91,4.843529
3/1/2025,122,4.846219
3/1/2025,152,4.846351
3/1/2025,182,4.844167
3/1/2025,273,4.824538
3/1/2025,365,4.787328
3/1/2025,547,4.675057
3/1/2025,730,4.531806
6/1/2025,10,4.812435
6/1/2025,30,4.819669
6/1/2025,60,4.828201
6/1/2025,91,4.834201
6/1/2025,122,4.837463
6/1/2025,152,4.838131
6/1/2025,182,4.836467
6/1/2025,273,4.818328
6/1/2025,365,4.782496
6/1/2025,547,4.672627
6/1/2025,730,4.53145
7/1/2025,10,4.79892
7/1/2025,30,4.806866
7/1/2025,60,4.816427
7/1/2025,91,4.823441
7/1/2025,122,4.827669
7/1/2025,152,4.829229
7/1/2025,182,4.828415
7/1/2025,273,4.812607
7/1/2025,365,4.778791
7/1/2025,547,4.672045
7/1/2025,730,4.533106
8/1/2025,10,4.781395
8/1/2025,30,4.790361
8/1/2025,60,4.801388
8/1/2025,91,4.80984
8/1/2025,122,4.815431
8/1/2025,152,4.818238
8/1/2025,182,4.818604
8/1/2025,273,4.805988
8/1/2025,365,4.77485
8/1/2025,547,4.672015
8/1/2025,730,4.535547
10/1/2025,10,4.753083
10/1/2025,30,4.764124
10/1/2025,60,4.778114
10/1/2025,91,4.789444
10/1/2025,122,4.797731
10/1/2025,152,4.802979
10/1/2025,182,4.805627
10/1/2025,273,4.799008
10/1/2025,365,4.772635
10/1/2025,547,4.675961
10/1/2025,730,4.542289
13/1/2025,10,4.729853
13/1/2025,30,4.742561
13/1/2025,60,4.758941
13/1/2025,91,4.772605
13/1/2025,122,4.783091
13/1/2025,152,4.790345
13/1/2025,182,4.79488
13/1/2025,273,4.793305
13/1/2025,365,4.771067
13/1/2025,547,4.680135
13/1/2025,730,4.549656
14/1/2025,10,4.701954
14/1/2025,30,4.716706
14/1/2025,60,4.736013
14/1/2025,91,4.752532
14/1/2025,122,4.765707
14/1/2025,152,4.775408
14/1/2025,182,4.782244
14/1/2025,273,4.786791
14/1/2025,365,4.769537
14/1/2025,547,4.685407
14/1/2025,730,4.558532
15/1/2025,10,4.679478
15/1/2025,30,4.695817
15/1/2025,60,4.717402
15/1/2025,91,4.736146
15/1/2025,122,4.751418
15/1/2025,152,4.763033
15/1/2025,182,4.771669
15/1/2025,273,4.781032
15/1/2025,365,4.767733
15/1/2025,547,4.689104
15/1/2025,730,4.565303
16/1/2025,10,4.651004
16/1/2025,30,4.669475
16/1/2025,60,4.694098
16/1/2025,91,4.715788
16/1/2025,122,4.733815
16/1/2025,152,4.747918
16/1/2025,182,4.758875
16/1/2025,273,4.774302
16/1/2025,365,4.765767
16/1/2025,547,4.693129
16/1/2025,730,4.571782
17/1/2025,10,4.612471
17/1/2025,30,4.633716
17/1/2025,60,4.662293
17/1/2025,91,4.687814
17/1/2025,122,4.709421
17/1/2025,152,4.726758
17/1/2025,182,4.740727
17/1/2025,273,4.764017
17/1/2025,365,4.761636
17/1/2025,547,4.696649
17/1/2025,730,4.578271
